actual,predicted
23.6,26.80532390002469
32.4,33.198760061719796
13.6,11.15960340761454
22.8,23.662854850667934
16.1,18.268195970865825
20.0,20.30771709607262
17.8,17.846056110348755
14.0,11.668968291516961
19.6,20.58744729386157
16.8,19.911805099304168
21.5,21.845630228979275
18.9,20.85545247804434
7.0,3.0919532770998117
21.2,19.069801464860955
18.5,21.006749137637716
29.8,21.72026058852522
18.8,21.52746722372558
10.2,9.318192093903441
50.0,39.49139937947349
14.1,17.56121097152261
25.2,27.668267194771587
29.1,30.57401268914062
12.7,12.73786109756768
22.4,22.212369275483635
14.2,19.50637769272976
13.8,17.260309381154713
20.3,21.234068098775587
14.9,17.23762955348506
21.7,19.261256092163123
18.3,19.575820410111795
23.1,22.990286235740633
23.8,24.0377999125144
15.0,20.97507797551932
20.8,22.89382597929626
19.1,15.535401361487182
19.4,23.02102962540604
34.7,27.39087975442948
19.5,22.270907313391387
24.4,20.314262789816254
23.4,22.394011688971016
19.7,15.00988297711583
28.2,31.72173293352567
50.0,42.148620566336746
17.4,18.785491460065384
22.6,24.905483488899634
15.1,18.467805967294947
13.1,15.8265040308074
24.2,22.985040227283935
19.9,18.310354111595636
24.0,29.82456196910268
18.9,23.571525754915243
35.4,32.48248741756235
15.2,15.520284549099067
26.5,22.47138725220303
43.5,36.13052847343751
21.2,20.969306298161257
18.4,19.015734318998973
28.5,35.7946156098825
23.9,23.128219555868156
18.5,16.832096491618508
25.0,23.70006010237714
35.4,34.920499361124826
31.5,29.1675390335208
20.2,19.39366520251438
24.1,25.23931390650231
20.0,15.396207602723102
13.1,18.754787460221245
24.8,26.453124817840145
30.8,34.39546359076364
12.7,16.991825841375814
20.0,20.42374415306955
23.7,23.58140227513937
10.8,13.888581956856477
20.6,25.70629125793108
20.8,20.988542584017353
5.0,8.008918476101833
20.1,19.832509256943336
48.5,41.50713566679751
10.9,15.916156829547674
7.0,7.271191927808474
20.9,21.603167161054483
17.2,12.822793124568719
20.9,28.25018250288268
9.7,12.55044633174267
19.4,23.121942424554007
29.0,26.903462850223367
16.4,18.804639032176652
25.0,24.436531593132536
25.0,29.566267506229863
17.1,17.795183765507524
23.2,24.862674362486572
10.4,11.164397444881367
19.6,18.87167019632173
17.2,16.309590356931125
27.5,24.554294863339926
23.0,19.623328268811484
50.0,23.99087191038709
17.9,6.677670450439223
9.6,17.620421117454466
17.2,16.1091621022965
22.5,21.15993985966624
21.4,21.566434970235786
